year	mean_rating
2010	3.70917225950783
2011	3.89234598630989
2012	4.04030587860443
2013	4.06171600602107
2014	4.05147847403095
2015	4.12200881612091
