"year","mean_rating"
2010,3.61863912717581
2011,3.63330696202532
2012,3.68393570185318
2013,3.71855018728009
2014,3.76264753144567
2015,3.81880568611055
