rating	frequency
1	0.03485369
2	0.05633205
3	0.14819009
4	0.36378755
5	0.39683663