rating	frequency
1	0.06110721
2	0.10433855
3	0.18001036
4	0.35928077
5	0.29526311