rating	frequency
1	0.02250241
2	0.04110514
3	0.12429379
4	0.35634560
5	0.45575307