"year","mean_rating"
2010,3.93246753246753
2011,4.11187947641393
2012,4.1681298658274
2013,4.19462393383303
2014,4.19159973226238
2015,4.24063534768212
