"year","mean_rating"
2010,3.70311332503113
2011,3.7260719754977
2012,3.77786666666667
2013,3.83747567001048
2014,3.8712391352797
2015,3.93107290671761
