rating	frequency
1	0.05061314
2	0.08525708
3	0.17237283
4	0.37901567
5	0.31274127